{"accuracy": [0.3128976821899414, 0.542231023311615, 0.6143366098403931, 0.703498363494873, 0.7356435656547546, 0.7503366470336914, 0.7627590894699097, 0.7737293839454651, 0.7882640361785889, 0.7914059162139893, 0.7916303873062134, 0.7927525043487549, 0.7940065860748291, 0.7940462231636047, 0.7955643534660339, 0.7933861613273621, 0.7943102121353149, 0.7965940833091736, 0.7947986721992493, 0.7954455614089966], "loss": [2.975532293319702, 1.889497995376587, 1.5760722160339355, 1.1832858324050903, 1.0465353727340698, 0.9834161400794983, 0.9273620843887329, 0.878873884677887, 0.8191927075386047, 0.8076908588409424, 0.8033013343811035, 0.7976030111312866, 0.7912473678588867, 0.7942963242530823, 0.7884408235549927, 0.796195924282074, 0.7912834882736206, 0.7889878749847412, 0.7920162677764893, 0.7898279428482056], "val_accuracy": [0.010336633771657944, 0.01069306954741478, 0.009386138990521431, 0.05679208040237427, 0.13774257898330688, 0.6086732745170593, 0.7368316650390625, 0.013346534222364426, 0.7638812065124512, 0.777108907699585, 0.7631286978721619, 0.8060594201087952, 0.8086732625961304, 0.8067722916603088, 0.808079183101654, 0.8086732625961304, 0.8090296983718872, 0.8088316917419434, 0.8086732625961304, 0.8086732625961304], "val_loss": [4.754886627197266, 2471.602294921875, 1481.5849609375, 4.775203704833984, 4.522794723510742, 1.5554949045181274, 1.0133607387542725, 68.03636932373047, 0.9252383708953857, 0.8643004894256592, 0.9413226842880249, 0.7477452158927917, 0.7354913353919983, 0.7377605438232422, 0.7355035543441772, 0.7346963882446289, 0.7346392869949341, 0.7346909642219543, 0.7348735332489014, 0.7347927689552307], "learning_rate": [0.0010000000474974513, 0.0010000000474974513, 0.0010000000474974513, 0.00010000000474974513, 0.00010000000474974513, 0.00010000000474974513, 0.00010000000474974513, 0.00010000000474974513, 1.0000000656873453e-05, 1.0000000656873453e-05, 1.0000000656873453e-05, 1.0000001111620804e-06, 1.0000001111620804e-06, 1.0000001111620804e-06, 1.000000082740371e-07, 1.000000082740371e-08, 1.000000082740371e-09, 1.000000082740371e-09, 1.000000082740371e-10, 1.000000082740371e-11]}